DesignName,ParticipantID,TrialID,Block1,Block2,D,F,Z,Time,SearchTime,MenuTime,ErrorCount
Momote,1,1,1,1,Phone,Top,Close,3781.909,3249.775,532.134,0
Momote,1,2,1,2,Phone,Top,Far,4495.545,3896.535,599.01,0
Momote,1,3,1,3,Phone,Back,Close,3781.718,3182.029,599.689,0
Momote,1,4,1,4,Phone,Back,Far,3099.611,2498.264,601.347,0
Momote,1,5,1,5,Phone,Right,Close,4393.228,3459.69,933.538,0
Momote,1,6,1,6,Phone,Bottom,Far,2767.339,2166.182,601.157,0
Momote,1,7,1,7,Phone,Right,Far,9116.595,8449.066,667.529,0
Momote,1,8,1,8,Phone,Left,Close,2735.585,2034.748,700.837,0
Momote,1,9,1,9,Phone,Back,Normal,3264.666,2730.182,534.484,0
Momote,1,10,1,10,Phone,Bottom,Normal,2170.08,1603.159,566.921,0
Momote,1,11,1,11,Phone,Left,Far,3828.282,3198.413,629.869,0
Momote,1,12,1,12,Phone,Right,Normal,3364.107,2896.297,467.81,0
Momote,1,13,1,13,Phone,Bottom,Close,2633.951,2165.83,468.121,0
Momote,1,14,1,14,Phone,Top,Normal,3662.388,2996.974,665.414,0
Momote,1,15,1,15,Phone,Left,Normal,2997.322,2298.83,698.492,0
Momote,1,16,1,16,Phone,Right,Far,3996.822,3330.057,666.765,0
Momote,1,17,1,17,Phone,Back,Normal,2766.198,2099.745,666.453,0
Momote,1,18,1,18,Phone,Bottom,Close,2550.151,1917.291,632.86,0
Momote,1,19,1,19,Phone,Left,Normal,2360.119,1894.642,465.477,0
Momote,1,20,1,20,Phone,Back,Far,2965.026,2466.158,498.868,0
Momote,1,21,1,21,Phone,Right,Normal,3296.293,2695.772,600.521,0
Momote,1,22,1,22,Phone,Bottom,Far,3664.623,3134.881,529.742,0
Momote,1,23,1,23,Phone,Top,Close,3502.134,2864.599,637.535,0
Momote,1,24,1,24,Phone,Top,Normal,2965.529,2465.872,499.657,0
Momote,1,25,1,25,Phone,Left,Far,2465.86,1899.555,566.305,0
Momote,1,26,1,26,Phone,Back,Close,3064.691,2531.38,533.311,0
Momote,1,27,1,27,Phone,Right,Close,3397.336,2765.529,631.807,0
Momote,1,28,1,28,Phone,Bottom,Normal,2034.849,1368.339,666.51,0
Momote,1,29,1,29,Phone,Left,Close,2682.515,2151.87,530.645,0
Momote,1,30,1,30,Phone,Top,Far,4260.68,3531.519,729.161,0
Momote,1,31,2,1,MoMote,Top,Close,7565.59,6658.079,907.511,0
Momote,1,32,2,2,MoMote,Top,Far,5244.519,4437.587,806.932,0
Momote,1,33,2,3,MoMote,Back,Close,4740.806,3329.27,1411.536,0
Momote,1,34,2,4,MoMote,Back,Far,5547.818,4135.528,1412.29,0
Momote,1,35,2,5,MoMote,Right,Close,9380.346,7766.989,1613.357,0
Momote,1,36,2,6,MoMote,Bottom,Far,11499.108,10590.662,908.446,0
Momote,1,37,2,7,MoMote,Right,Far,7362.655,6051.766,1310.889,0
Momote,1,38,2,8,MoMote,Left,Close,3833.527,2521.617,1311.91,0
Momote,1,39,2,9,MoMote,Back,Normal,4336.25,3328.356,1007.894,0
Momote,1,40,2,10,MoMote,Bottom,Normal,5349.33,4136.398,1212.932,0
Momote,1,41,2,11,MoMote,Left,Far,7562.195,5948.364,1613.831,0
Momote,1,42,2,12,MoMote,Right,Normal,5749.902,4842.452,907.45,0
Momote,1,43,2,13,MoMote,Bottom,Close,5546.71,4841.021,705.689,0
Momote,1,44,2,14,MoMote,Top,Normal,3833.078,2320.187,1512.891,0
Momote,1,45,2,15,MoMote,Left,Normal,7968.232,6758.527,1209.705,0
Momote,1,46,2,16,MoMote,Right,Far,10087.03,9280.017,807.013,0
Momote,1,47,2,17,MoMote,Back,Normal,3530.289,2824.746,705.543,0
Momote,1,48,2,18,MoMote,Bottom,Close,6859.173,5547.069,1312.104,0
Momote,1,49,2,19,MoMote,Left,Normal,2521.284,1814.223,707.061,0
Momote,1,50,2,20,MoMote,Back,Far,5143.861,4034.02,1109.841,0
Momote,1,51,2,21,MoMote,Right,Normal,6152.755,4437.749,1715.006,0
Momote,1,52,2,22,MoMote,Bottom,Far,17147.581,15938.116,1209.465,1
Momote,1,53,2,23,MoMote,Top,Close,2824.782,1916.946,907.836,0
Momote,1,54,2,24,MoMote,Top,Normal,2218.509,1512.767,705.742,0
Momote,1,55,2,25,MoMote,Left,Far,3832.818,3126.708,706.11,0
Momote,1,56,2,26,MoMote,Back,Close,3428.379,2722.478,705.901,0
Momote,1,57,2,27,MoMote,Right,Close,4640.078,3832.796,807.282,0
Momote,1,58,2,28,MoMote,Bottom,Normal,5043.625,4034.422,1009.203,0
Momote,1,59,2,29,MoMote,Left,Close,3126.791,2420.533,706.258,0
Momote,1,60,2,30,MoMote,Top,Far,3025.379,2218.556,806.823,0
Momote,2,61,1,1,MoMote,Top,Normal,8359.487,4833,3525.774,0
Momote,2,62,1,2,MoMote,Bottom,Close,7965.468,5847,2117.541,0
Momote,2,63,1,3,MoMote,Back,Normal,10692.735,7867,2824.995,0
Momote,2,64,1,4,MoMote,Left,Close,5546.454,4438,1108.427,0
Momote,2,65,1,5,MoMote,Right,Normal,7363.709,5951,1411.84,0
Momote,2,66,1,6,MoMote,Back,Close,10793.091,8473,2319.997,0
Momote,2,67,1,7,MoMote,Top,Close,10994.227,9279,1714.925,0
Momote,2,68,1,8,MoMote,Left,Normal,14828.199,13517,1310.915,1
Momote,2,69,1,9,MoMote,Back,Far,13314.195,11700,1614.015,0
Momote,2,70,1,10,MoMote,Bottom,Far,9884.918,8574,1310.734,0
Momote,2,71,1,11,MoMote,Right,Close,5143.724,3127,2016.673,0
Momote,2,72,1,12,MoMote,Right,Far,9582.962,8069,1513.479,0
Momote,2,73,1,13,MoMote,Bottom,Normal,4337.481,2319,2017.69,0
Momote,2,74,1,14,MoMote,Top,Far,13213.744,11498,1715.006,0
Momote,2,75,1,15,MoMote,Left,Far,8875.856,7867,1007.958,0
Momote,2,76,1,16,MoMote,Top,Close,10288.157,7665,2622.707,0
Momote,2,77,1,17,MoMote,Back,Far,10691.76,9279,1411.999,0
Momote,2,78,1,18,MoMote,Bottom,Normal,6758.973,5246,1512.788,0
Momote,2,79,1,19,MoMote,Left,Far,9480.385,7867,1612.789,0
Momote,2,80,1,20,MoMote,Left,Close,6455.652,4641,1814.512,0
Momote,2,81,1,21,MoMote,Right,Far,11801.906,10188,1613.828,0
Momote,2,82,1,22,MoMote,Back,Close,6456.066,4640,1815.88,0
Momote,2,83,1,23,MoMote,Top,Normal,3731.276,1814,1917.015,0
Momote,2,84,1,24,MoMote,Top,Far,8270.817,7161,1109.075,0
Momote,2,85,1,25,MoMote,Right,Close,8473.103,7666,806.817,0
Momote,2,86,1,26,MoMote,Back,Normal,4841.548,3328,1512.694,0
Momote,2,87,1,27,MoMote,Right,Normal,5244.769,4235,1009.326,0
Momote,2,88,1,28,MoMote,Bottom,Far,8674.702,7464,1210.168,0
Momote,2,89,1,29,MoMote,Left,Normal,3126.774,1916,1209.948,0
Momote,2,90,1,30,MoMote,Bottom,Close,7564.29,6152,1411.552,0
Momote,2,91,2,1,Phone,Top,Normal,4699.14,4063.614,635.526,0
Momote,2,92,2,2,Phone,Bottom,Close,5030.673,4331.258,699.415,0
Momote,2,93,2,3,Phone,Back,Normal,2898.733,2299.304,599.429,0
Momote,2,94,2,4,Phone,Left,Close,2832.749,2267.201,565.548,0
Momote,2,95,2,5,Phone,Right,Normal,4967.76,3931.064,1036.696,0
Momote,2,96,2,6,Phone,Back,Close,4253.377,3418.578,834.799,0
Momote,2,97,2,7,Phone,Top,Close,2761.951,2130.492,631.459,0
Momote,2,98,2,8,Phone,Left,Normal,2564.13,1864.978,699.152,0
Momote,2,99,2,9,Phone,Back,Far,8027.505,7228.86,798.645,0
Momote,2,100,2,10,Phone,Bottom,Far,9530.318,8862.755,667.563,0
Momote,2,101,2,11,Phone,Right,Close,4965.526,4333.607,631.919,0
Momote,2,102,2,12,Phone,Right,Far,8620.735,7887.665,733.07,0
Momote,2,103,2,13,Phone,Bottom,Normal,5030.728,4465.068,565.66,0
Momote,2,104,2,14,Phone,Top,Far,7467.287,6697.773,769.514,0
Momote,2,105,2,15,Phone,Left,Far,6099.393,5498.713,600.68,0
Momote,2,106,2,16,Phone,Top,Close,2896.879,2230.693,666.186,0
Momote,2,107,2,17,Phone,Back,Far,5534.466,4900.148,634.318,0
Momote,2,108,2,18,Phone,Bottom,Normal,4498.348,3632.946,865.402,0
Momote,2,109,2,19,Phone,Left,Far,5092.419,4364.597,727.822,0
Momote,2,110,2,20,Phone,Left,Close,3028.307,2296.197,732.11,0
Momote,2,111,2,21,Phone,Right,Far,7297.651,6430.945,866.706,0
Momote,2,112,2,22,Phone,Back,Close,3399.862,2665.039,734.823,0
Momote,2,113,2,23,Phone,Top,Normal,3164.366,2462.716,701.65,0
Momote,2,114,2,24,Phone,Top,Far,6165.419,5598.598,566.821,0
Momote,2,115,2,25,Phone,Right,Close,4299.949,3464.1,835.849,0
Momote,2,116,2,26,Phone,Back,Normal,3266.201,2665.048,601.153,0
Momote,2,117,2,27,Phone,Right,Normal,4997.552,4265.552,732,0
Momote,2,118,2,28,Phone,Bottom,Far,6766.79,6065.604,701.186,0
Momote,2,119,2,29,Phone,Left,Normal,2962.948,2063.126,899.822,0
Momote,2,120,2,30,Phone,Bottom,Close,4335.607,3635.555,700.052,0
Momote,3,121,1,1,Phone,Top,Far,3800.085,3198.833,601.252,0
Momote,3,122,1,2,Phone,Bottom,Normal,5065.373,4398.135,667.238,0
Momote,3,123,1,3,Phone,Back,Far,6464.648,5930.823,533.825,0
Momote,3,124,1,4,Phone,Left,Normal,4031.22,3432.453,598.767,0
Momote,3,125,1,5,Phone,Right,Far,9382.493,8749.354,633.139,0
Momote,3,126,1,6,Phone,Back,Normal,3530.127,2964.285,565.842,0
Momote,3,127,1,7,Phone,Top,Normal,2500.138,1930.704,569.434,0
Momote,3,128,1,8,Phone,Left,Far,9165.292,8631.91,533.382,0
Momote,3,129,1,9,Phone,Left,Close,3330.924,2765.184,565.74,0
Momote,3,130,1,10,Phone,Back,Close,4915.952,4116.747,799.205,0
Momote,3,131,1,11,Phone,Right,Normal,2465.726,1932.375,533.351,0
Momote,3,132,1,12,Phone,Top,Close,3913.868,2713.082,1200.786,0
Momote,3,133,1,13,Phone,Bottom,Far,10163.576,9596.393,567.183,0
Momote,3,134,1,14,Phone,Bottom,Close,6098.42,5131.595,966.825,0
Momote,3,135,1,15,Phone,Right,Close,3549.054,2916.537,632.517,0
Momote,3,136,1,16,Phone,Top,Normal,2234.475,1701.829,532.646,0
Momote,3,137,1,17,Phone,Left,Close,4364.053,3829.396,534.657,0
Momote,3,138,1,18,Phone,Bottom,Far,7400.38,6832.414,567.966,0
Momote,3,139,1,19,Phone,Right,Close,2866.051,2264.704,601.347,0
Momote,3,140,1,20,Phone,Left,Normal,4431.312,3498.452,932.86,0
Momote,3,141,1,21,Phone,Top,Close,2963.28,2430.163,533.117,0
Momote,3,142,1,22,Phone,Back,Normal,2830.279,2264.972,565.307,0
Momote,3,143,1,23,Phone,Top,Far,5568.175,5001.194,566.981,0
Momote,3,144,1,24,Phone,Bottom,Close,4731.955,4166.745,565.21,0
Momote,3,145,1,25,Phone,Right,Normal,5630.613,4801.23,829.383,0
Momote,3,146,1,26,Phone,Back,Far,6195.65,5633.197,562.453,0
Momote,3,147,1,27,Phone,Right,Far,6000.577,5265.253,735.324,0
Momote,3,148,1,28,Phone,Back,Close,3596.625,2930.308,666.317,0
Momote,3,149,1,29,Phone,Left,Far,8264.189,7463.866,800.323,0
Momote,3,150,1,30,Phone,Bottom,Normal,4797.65,4231.375,566.275,0
Momote,3,151,2,1,MoMote,Top,Far,25105.215,23592,1512.685,1
Momote,3,152,2,2,MoMote,Bottom,Normal,6455.665,4841,1613.941,0
Momote,3,153,2,3,MoMote,Back,Far,11499.007,10388,1110.101,0
Momote,3,154,2,4,MoMote,Left,Normal,6757.677,4941,1816.071,0
Momote,3,155,2,5,MoMote,Right,Far,7867.676,6354,1512.999,0
Momote,3,156,2,6,MoMote,Back,Normal,4740.946,3227,1513.021,0
Momote,3,157,2,7,MoMote,Top,Normal,3529.807,1915,1613.814,0
Momote,3,158,2,8,MoMote,Left,Far,11700.643,9582,2117.694,0
Momote,3,159,2,9,MoMote,Left,Close,8775.882,7061,1714.801,0
Momote,3,160,2,10,MoMote,Back,Close,6656.619,5043,1612.796,0
Momote,3,161,2,11,MoMote,Right,Normal,3430.007,2421,1008.787,0
Momote,3,162,2,12,MoMote,Top,Close,4841.72,3530,1311.14,0
Momote,3,163,2,13,MoMote,Bottom,Far,23401.756,22392,1008.8,1
Momote,3,164,2,14,MoMote,Bottom,Close,7564.539,5849,1715.039,0
Momote,3,165,2,15,MoMote,Right,Close,5346.132,4034,1311.188,0
Momote,3,166,2,16,MoMote,Top,Normal,3126.625,2420,706.148,0
Momote,3,167,2,17,MoMote,Left,Close,8977.578,6153,2824.565,0
Momote,3,168,2,18,MoMote,Bottom,Far,13516.783,11398,2118.686,0
Momote,3,169,2,19,MoMote,Right,Close,4438.041,3227,1210.946,0
Momote,3,170,2,20,MoMote,Left,Normal,5849.635,4336,1512.803,0
Momote,3,171,2,21,MoMote,Top,Close,4740.867,3631,1109.217,0
Momote,3,172,2,22,MoMote,Back,Normal,4639.754,3530,1109.047,0
Momote,3,173,2,23,MoMote,Top,Far,8775.268,7060,1714.44,0
Momote,3,174,2,24,MoMote,Bottom,Close,8270.779,6355,1915.458,0
Momote,3,175,2,25,MoMote,Right,Normal,2724.116,1715,1008.949,0
Momote,3,176,2,26,MoMote,Back,Far,9078.096,8069,1008.937,0
Momote,3,177,2,27,MoMote,Right,Far,12104.456,10490,1613.712,0
Momote,3,178,2,28,MoMote,Back,Close,6152.559,4942,1210.424,0
Momote,3,179,2,29,MoMote,Left,Far,10188.139,9078,1109.955,0
Momote,3,180,2,30,MoMote,Bottom,Normal,5849.938,4842,1007.872,0
Momote,4,181,1,1,MoMote,Bottom,Close,9380.91,8170,1210.628,0
Momote,4,182,1,2,MoMote,Bottom,Far,11601.019,10288,1312.453,0
Momote,4,183,1,3,MoMote,Left,Close,8069.441,6959,1109.491,0
Momote,4,184,1,4,MoMote,Left,Far,12002.685,10591,1411.542,0
Momote,4,185,1,5,MoMote,Top,Close,3832.978,2522,1310.892,0
Momote,4,186,1,6,MoMote,Back,Far,10995.59,9784,1210.808,0
Momote,4,187,1,7,MoMote,Top,Far,11902.667,10793,1109.657,0
Momote,4,188,1,8,MoMote,Right,Close,3328.91,2421,907.814,0
Momote,4,189,1,9,MoMote,Left,Normal,6455.095,5245,1209.989,0
Momote,4,190,1,10,MoMote,Back,Normal,4741.322,3934,806.77,0
Momote,4,191,1,11,MoMote,Right,Far,8473.296,7666,806.864,0
Momote,4,192,1,12,MoMote,Top,Normal,3833.481,2723,1110.285,0
Momote,4,193,1,13,MoMote,Back,Close,4437.946,3530,907.55,0
Momote,4,194,1,14,MoMote,Bottom,Normal,3126.17,2017,1108.516,0
Momote,4,195,1,15,MoMote,Right,Normal,3329.371,1312,2016.946,0
Momote,4,196,1,16,MoMote,Top,Far,7565.565,6557,1008.53,0
Momote,4,197,1,17,MoMote,Left,Normal,6455.722,5244,1211.164,0
Momote,4,198,1,18,MoMote,Back,Close,5345.965,4033,1312.11,0
Momote,4,199,1,19,MoMote,Right,Normal,2722.752,1814,907.841,0
Momote,4,200,1,20,MoMote,Left,Far,11601.79,10289,1312.119,0
Momote,4,201,1,21,MoMote,Top,Normal,4034.95,3127,907.845,0
Momote,4,202,1,22,MoMote,Back,Far,9381.45,8473,907.943,0
Momote,4,203,1,23,MoMote,Bottom,Close,5748.996,4639,1109.022,0
Momote,4,204,1,24,MoMote,Bottom,Normal,5547.736,4639,907.799,0
Momote,4,205,1,25,MoMote,Right,Far,10893.918,9885,1008.891,0
Momote,4,206,1,26,MoMote,Left,Close,3832.501,2924,907.732,0
Momote,4,207,1,27,MoMote,Top,Close,3429.934,2218,1210.973,0
Momote,4,208,1,28,MoMote,Back,Normal,5750.713,4439,1311.682,0
Momote,4,209,1,29,MoMote,Right,Close,4033.583,2924,1108.628,0
Momote,4,210,1,30,MoMote,Bottom,Far,8776.989,7768,1008.544,0
Momote,4,211,2,1,Phone,Bottom,Close,4659.895,3894.544,765.351,0
Momote,4,212,2,2,Phone,Bottom,Far,9198.429,8296.969,901.46,0
Momote,4,213,2,3,Phone,Left,Close,5317.197,4518.856,798.341,0
Momote,4,214,2,4,Phone,Left,Far,7900.342,6966.166,934.176,0
Momote,4,215,2,5,Phone,Top,Close,3331.525,2497.541,833.984,0
Momote,4,216,2,6,Phone,Back,Far,4162.555,3361.942,800.613,0
Momote,4,217,2,7,Phone,Top,Far,2864.392,2097.417,766.975,0
Momote,4,218,2,8,Phone,Right,Close,2862.46,2165.148,697.312,0
Momote,4,219,2,9,Phone,Left,Normal,3901.692,2933.419,968.273,0
Momote,4,220,2,10,Phone,Back,Normal,3630.317,2898.279,732.038,0
Momote,4,221,2,11,Phone,Right,Far,6465.789,5663.154,802.635,0
Momote,4,222,2,12,Phone,Top,Normal,2364.256,1799.814,564.442,0
Momote,4,223,2,13,Phone,Back,Close,4481.69,3680.421,801.269,0
Momote,4,224,2,14,Phone,Bottom,Normal,4633.087,3865.858,767.229,0
Momote,4,225,2,15,Phone,Right,Normal,2997.509,2296.759,700.75,0
Momote,4,226,2,16,Phone,Top,Far,3931.631,3263.04,668.591,0
Momote,4,227,2,17,Phone,Left,Normal,4864.395,4134.77,729.625,0
Momote,4,228,2,18,Phone,Back,Close,3701.535,3032.081,669.454,0
Momote,4,229,2,19,Phone,Right,Normal,3597.153,2896.099,701.054,0
Momote,4,230,2,20,Phone,Left,Far,2464.129,1864.896,599.233,0
Momote,4,231,2,21,Phone,Top,Normal,2200.414,1533.342,667.072,0
Momote,4,232,2,22,Phone,Back,Far,4599.622,3533.342,1066.28,0
Momote,4,233,2,23,Phone,Bottom,Close,4632.779,3899.046,733.733,0
Momote,4,234,2,24,Phone,Bottom,Normal,4230.647,3464.575,766.072,0
Momote,4,235,2,25,Phone,Right,Far,6230.75,5434.059,796.691,0
Momote,4,236,2,26,Phone,Left,Close,6994.017,5229.895,1764.122,0
Momote,4,237,2,27,Phone,Top,Close,3368.231,2501.919,866.312,0
Momote,4,238,2,28,Phone,Back,Normal,4265.558,2998.384,1267.174,0
Momote,4,239,2,29,Phone,Right,Close,2528.774,1930.857,597.917,0
Momote,4,240,2,30,Phone,Bottom,Far,6666.897,5836.014,830.883,0
Momote,5,241,1,1,Phone,Bottom,Normal,3278.355,2410.417,867.938,0
Momote,5,242,1,2,Phone,Back,Close,5348.74,4481.362,867.378,0
Momote,5,243,1,3,Phone,Left,Normal,3198.567,2464.298,734.269,0
Momote,5,244,1,4,Phone,Right,Close,6064.086,5297.063,767.023,0
Momote,5,245,1,5,Phone,Top,Normal,4562.865,3929.848,633.017,0
Momote,5,246,1,6,Phone,Left,Close,3264.391,2665.354,599.037,0
Momote,5,247,1,7,Phone,Bottom,Close,3199.044,2267.483,931.561,0
Momote,5,248,1,8,Phone,Right,Normal,5629.846,4700.378,929.468,0
Momote,5,249,1,9,Phone,Left,Far,10001.3,9368.679,632.621,0
Momote,5,250,1,10,Phone,Back,Far,9098.273,8496.631,601.642,0
Momote,5,251,1,11,Phone,Top,Close,5863.335,4998.091,865.244,0
Momote,5,252,1,12,Phone,Top,Far,9832.292,9233.567,598.725,0
Momote,5,253,1,13,Phone,Back,Normal,3932.24,3065.716,866.524,0
Momote,5,254,1,14,Phone,Bottom,Far,9233.431,8266.927,966.504,0
Momote,5,255,1,15,Phone,Right,Far,9299.326,8732.947,566.379,0
Momote,5,256,1,16,Phone,Bottom,Close,2810.125,2280.051,530.074,0
Momote,5,257,1,17,Phone,Left,Far,11369.653,10635.654,733.999,0
Momote,5,258,1,18,Phone,Back,Normal,6665.557,5966.541,699.016,0
Momote,5,259,1,19,Phone,Right,Far,10596.95,9865.131,731.819,0
Momote,5,260,1,20,Phone,Right,Close,6598.883,5799.544,799.339,0
Momote,5,261,1,21,Phone,Top,Far,9232.229,8530.655,701.574,0
Momote,5,262,1,22,Phone,Left,Close,2999.138,2466.084,533.054,0
Momote,5,263,1,23,Phone,Bottom,Normal,3028.891,2266.755,762.136,0
Momote,5,264,1,24,Phone,Bottom,Far,7536.106,6798.795,737.311,0
Momote,5,265,1,25,Phone,Top,Close,3529.28,2929.061,600.219,0
Momote,5,266,1,26,Phone,Left,Normal,2796.716,2265.439,531.277,0
Momote,5,267,1,27,Phone,Top,Normal,3067.031,2433.983,633.048,0
Momote,5,268,1,28,Phone,Back,Far,8932.391,8231.669,700.722,0
Momote,5,269,1,29,Phone,Right,Normal,3133.495,2564.473,569.022,0
Momote,5,270,1,30,Phone,Back,Close,10930.322,10232.072,698.25,0
Momote,5,271,2,1,MoMote,Bottom,Normal,3832.673,2421.077,1411.596,0
Momote,5,272,2,2,MoMote,Back,Close,11802.069,9078.142,2723.927,0
Momote,5,273,2,3,MoMote,Left,Normal,6455.801,4639.599,1816.202,0
Momote,5,274,2,4,MoMote,Right,Close,6656.908,4739.508,1917.4,0
Momote,5,275,2,5,MoMote,Top,Normal,5849.527,4235.23,1614.297,0
Momote,5,276,2,6,MoMote,Left,Close,15836.882,14020.794,1816.088,0
Momote,5,277,2,7,MoMote,Bottom,Close,7060.791,4740.952,2319.839,0
Momote,5,278,2,8,MoMote,Right,Normal,13011.758,11397.383,1614.375,0
Momote,5,279,2,9,MoMote,Left,Far,13516.761,11700.898,1815.863,0
Momote,5,280,2,10,MoMote,Back,Far,13011.38,11800.824,1210.556,0
Momote,5,281,2,11,MoMote,Top,Close,12406.694,10691.992,1714.702,0
Momote,5,282,2,12,MoMote,Top,Far,11499.109,10188.301,1310.808,0
Momote,5,283,2,13,MoMote,Back,Normal,6656.729,4538.973,2117.756,0
Momote,5,284,2,14,MoMote,Bottom,Far,9785.064,8170.663,1614.401,0
Momote,5,285,2,15,MoMote,Right,Far,12005.554,10694.312,1311.242,0
Momote,5,286,2,16,MoMote,Bottom,Close,5345.699,4034.215,1311.484,0
Momote,5,287,2,17,MoMote,Left,Far,9582.046,8372.34,1209.706,0
Momote,5,288,2,18,MoMote,Back,Normal,5749.995,4438.554,1311.441,0
Momote,5,289,2,19,MoMote,Right,Far,11196.563,10288.512,908.051,0
Momote,5,290,2,20,MoMote,Right,Close,6858.61,5346.055,1512.555,0
Momote,5,291,2,21,MoMote,Top,Far,10590.674,9582.132,1008.542,0
Momote,5,292,2,22,MoMote,Left,Close,10792.665,8877.276,1915.389,0
Momote,5,293,2,23,MoMote,Bottom,Normal,4338.237,3127.372,1210.865,0
Momote,5,294,2,24,MoMote,Bottom,Far,8068.663,6757.974,1310.689,0
Momote,5,295,2,25,MoMote,Top,Close,6153.22,4337.631,1815.589,0
Momote,5,296,2,26,MoMote,Left,Normal,8170.417,7464.766,705.651,0
Momote,5,297,2,27,MoMote,Top,Normal,6152.399,4841.519,1310.88,0
Momote,5,298,2,28,MoMote,Back,Far,8877.116,8070.394,806.722,0
Momote,5,299,2,29,MoMote,Right,Normal,6354.984,5143.996,1210.988,0
Momote,5,300,2,30,MoMote,Back,Close,5447.205,4640.623,806.582,0
Momote,6,301,1,1,MoMote,Bottom,Far,17854.834,13719.056,4135.778,0
Momote,6,302,1,2,MoMote,Back,Normal,13414.841,9985.514,3429.327,0
Momote,6,303,1,3,MoMote,Left,Far,20779.002,18761.96,2017.042,0
Momote,6,304,1,4,MoMote,Right,Normal,7968.351,6053.013,1915.338,0
Momote,6,305,1,5,MoMote,Top,Far,12306.845,10288.542,2018.303,0
Momote,6,306,1,6,MoMote,Left,Normal,8271.07,6859.351,1411.719,0
Momote,6,307,1,7,MoMote,Bottom,Normal,11300.185,10089.182,1211.003,0
Momote,6,308,1,8,MoMote,Right,Far,12406.317,10086.278,2320.039,0
Momote,6,309,1,9,MoMote,Right,Close,8473.973,6556.959,1917.014,0
Momote,6,310,1,10,MoMote,Left,Close,11801.111,8270.481,3530.63,0
Momote,6,311,1,11,MoMote,Top,Normal,9583.211,8372.095,1211.116,0
Momote,6,312,1,12,MoMote,Bottom,Close,8674.775,4538.721,4136.054,0
Momote,6,313,1,13,MoMote,Back,Far,13918.927,11398.188,2520.739,0
Momote,6,314,1,14,MoMote,Back,Close,6960.948,5447.629,1513.319,0
Momote,6,315,1,15,MoMote,Top,Close,5446.554,4034.337,1412.217,0
Momote,6,316,1,16,MoMote,Bottom,Normal,5750.096,4136.013,1614.083,0
Momote,6,317,1,17,MoMote,Right,Close,4639.399,3126.667,1512.732,0
Momote,6,318,1,18,MoMote,Back,Far,14525.578,10692.524,3833.054,0
Momote,6,319,1,19,MoMote,Top,Close,10591.512,8574.739,2016.773,0
Momote,6,320,1,20,MoMote,Right,Normal,4841.828,3026.536,1815.292,0
Momote,6,321,1,21,MoMote,Bottom,Close,5345.554,4135.774,1209.78,0
Momote,6,322,1,22,MoMote,Left,Normal,6355.661,5447.918,907.743,0
Momote,6,323,1,23,MoMote,Bottom,Far,9178.577,7666.013,1512.564,0
Momote,6,324,1,24,MoMote,Back,Close,6657.893,5144.694,1513.199,0
Momote,6,325,1,25,MoMote,Top,Normal,8472.769,7665.948,806.821,0
Momote,6,326,1,26,MoMote,Left,Far,12305.315,10792.545,1512.77,0
Momote,6,327,1,27,MoMote,Top,Far,12810.997,11197.103,1613.894,0
Momote,6,328,1,28,MoMote,Left,Close,4640.58,3631.259,1009.321,0
Momote,6,329,1,29,MoMote,Right,Far,8775.667,7261.898,1513.769,0
Momote,6,330,1,30,MoMote,Back,Normal,6051.391,4033.83,2017.561,0
Momote,6,331,2,1,Phone,Bottom,Far,8217.732,7151.64,1066.092,0
Momote,6,332,2,2,Phone,Back,Normal,6231.377,5464.94,766.437,0
Momote,6,333,2,3,Phone,Left,Far,11997.074,11264.75,732.324,0
Momote,6,334,2,4,Phone,Right,Normal,5130.006,4531.821,598.185,0
Momote,6,335,2,5,Phone,Top,Far,10034.307,9335.014,699.293,0
Momote,6,336,2,6,Phone,Left,Normal,4831.719,4031.851,799.868,0
Momote,6,337,2,7,Phone,Bottom,Normal,3364.713,2765.122,599.591,0
Momote,6,338,2,8,Phone,Right,Far,10697.669,9731.892,965.777,0
Momote,6,339,2,9,Phone,Right,Close,5365.795,4532.48,833.315,0
Momote,6,340,2,10,Phone,Left,Close,5746.804,4981.298,765.506,0
Momote,6,341,2,11,Phone,Top,Normal,6398.119,5798.833,599.286,0
Momote,6,342,2,12,Phone,Bottom,Close,4467.205,3362.265,1104.94,0
Momote,6,343,2,13,Phone,Back,Far,8597.456,7963.937,633.519,0
Momote,6,344,2,14,Phone,Back,Close,3998.04,3397.719,600.321,0
Momote,6,345,2,15,Phone,Top,Close,4964.336,4332.996,631.34,0
Momote,6,346,2,16,Phone,Bottom,Normal,3700.922,3101.343,599.579,0
Momote,6,347,2,17,Phone,Right,Close,3747.452,2781.957,965.495,0
Momote,6,348,2,18,Phone,Back,Far,9366.479,8532.687,833.792,0
Momote,6,349,2,19,Phone,Top,Close,3498.06,2663.542,834.518,0
Momote,6,350,2,20,Phone,Right,Normal,5629.188,4563.981,1065.207,0
Momote,6,351,2,21,Phone,Bottom,Close,7431.775,6466.833,964.942,0
Momote,6,352,2,22,Phone,Left,Normal,5766.894,4966.426,800.468,0
Momote,6,353,2,23,Phone,Bottom,Far,10264.744,9230.745,1033.999,0
Momote,6,354,2,24,Phone,Back,Close,3863.903,3033.853,830.05,0
Momote,6,355,2,25,Phone,Top,Normal,4298.531,3599.186,699.345,0
Momote,6,356,2,26,Phone,Left,Far,8698.489,8033.845,664.644,0
Momote,6,357,2,27,Phone,Top,Far,10032.47,9065.948,966.522,1
Momote,6,358,2,28,Phone,Left,Close,4497.591,3864.774,632.817,0
Momote,6,359,2,29,Phone,Right,Far,8832.929,7865.704,967.225,0
Momote,6,360,2,30,Phone,Back,Normal,4597.373,3795.058,802.315,0
Momote,7,361,1,1,Phone,Back,Close,4563.655,3929.757,633.898,0
Momote,7,362,1,2,Phone,Back,Far,8661.502,7961.337,700.165,0
Momote,7,363,1,3,Phone,Right,Close,2833.966,2268.253,565.713,0
Momote,7,364,1,4,Phone,Right,Far,8831.103,8131.207,699.896,0
Momote,7,365,1,5,Phone,Bottom,Close,3963.979,3233.087,730.892,0
Momote,7,366,1,6,Phone,Left,Far,7764.19,7065.912,698.278,0
Momote,7,367,1,7,Phone,Bottom,Far,7999.55,7367.342,632.208,0
Momote,7,368,1,8,Phone,Top,Close,3197.669,2462.682,734.987,0
Momote,7,369,1,9,Phone,Right,Normal,2933.376,2231.454,701.922,0
Momote,7,370,1,10,Phone,Left,Normal,5097.931,4462.906,635.025,0
Momote,7,371,1,11,Phone,Top,Far,7598.333,6832.998,765.335,0
Momote,7,372,1,12,Phone,Bottom,Normal,3696.588,2897.977,798.611,0
Momote,7,373,1,13,Phone,Left,Close,4199.981,3566.8,633.181,0
Momote,7,374,1,14,Phone,Back,Normal,4566.025,3764.337,801.688,0
Momote,7,375,1,15,Phone,Top,Normal,2830.631,2231.657,598.974,0
Momote,7,376,1,16,Phone,Bottom,Far,8431.296,7865.952,565.344,0
Momote,7,377,1,17,Phone,Right,Normal,2230.855,1699.869,530.986,0
Momote,7,378,1,18,Phone,Left,Close,3935.006,3399.268,535.738,0
Momote,7,379,1,19,Phone,Top,Normal,3765.092,3165.004,600.088,0
Momote,7,380,1,20,Phone,Right,Far,8498.282,7897.753,600.529,0
Momote,7,381,1,21,Phone,Bottom,Normal,2529.353,2030.785,498.568,0
Momote,7,382,1,22,Phone,Left,Far,6499.717,5934.405,565.312,0
Momote,7,383,1,23,Phone,Back,Close,3997.088,3299.364,697.724,0
Momote,7,384,1,24,Phone,Back,Normal,3398.755,2865.812,532.943,0
Momote,7,385,1,25,Phone,Top,Far,7896.952,7266.38,630.572,0
Momote,7,386,1,26,Phone,Right,Close,2997.705,2233.388,764.317,0
Momote,7,387,1,27,Phone,Bottom,Close,3400.68,2767.454,633.226,0
Momote,7,388,1,28,Phone,Left,Normal,4999.005,4197.041,801.964,0
Momote,7,389,1,29,Phone,Top,Close,3696.266,3098.122,598.144,0
Momote,7,390,1,30,Phone,Back,Far,7235.913,6568.801,667.112,0
Momote,7,391,2,1,MoMote,Back,Close,6657.75,5144.88,1512.87,0
Momote,7,392,2,2,MoMote,Back,Far,9279.91,8169.86,1110.05,0
Momote,7,393,2,3,MoMote,Right,Close,3025.969,1814.779,1211.19,0
Momote,7,394,2,4,MoMote,Right,Far,7464.008,6556.481,907.527,0
Momote,7,395,2,5,MoMote,Bottom,Close,3530.224,2520.684,1009.54,0
Momote,7,396,2,6,MoMote,Left,Far,10996.324,9785.339,1210.985,0
Momote,7,397,2,7,MoMote,Bottom,Far,6656.532,5345.725,1310.807,0
Momote,7,398,2,8,MoMote,Top,Close,6556.907,5547.721,1009.186,0
Momote,7,399,2,9,MoMote,Right,Normal,9784.837,8674.611,1110.226,1
Momote,7,400,2,10,MoMote,Left,Normal,3226.541,2218.906,1007.635,0
Momote,7,401,2,11,MoMote,Top,Far,7565.698,6556.897,1008.801,0
Momote,7,402,2,12,MoMote,Bottom,Normal,5648.805,4740.923,907.882,0
Momote,7,403,2,13,MoMote,Left,Close,4740.582,3731.923,1008.659,0
Momote,7,404,2,14,MoMote,Back,Normal,4942.005,4034.237,907.768,0
Momote,7,405,2,15,MoMote,Top,Normal,3227.649,2018.031,1209.618,0
Momote,7,406,2,16,MoMote,Bottom,Far,10995.016,8877.016,2118,0
Momote,7,407,2,17,MoMote,Right,Normal,5143.771,4437.574,706.197,0
Momote,7,408,2,18,MoMote,Left,Close,3227.406,2622.769,604.637,0
Momote,7,409,2,19,MoMote,Top,Normal,3227.627,2623.194,604.433,0
Momote,7,410,2,20,MoMote,Right,Far,11196.16,10389.102,807.058,0
Momote,7,411,2,21,MoMote,Bottom,Normal,6455.685,5144.767,1310.918,0
Momote,7,412,2,22,MoMote,Left,Far,7766.598,6555.878,1210.72,0
Momote,7,413,2,23,MoMote,Back,Close,5547.845,4337.035,1210.81,0
Momote,7,414,2,24,MoMote,Back,Normal,4739.009,3932.286,806.723,0
Momote,7,415,2,25,MoMote,Top,Far,6152.445,5446.76,705.685,0
Momote,7,416,2,26,MoMote,Right,Close,6858.992,6153.149,705.843,0
Momote,7,417,2,27,MoMote,Bottom,Close,5648.911,4135.851,1513.06,0
Momote,7,418,2,28,MoMote,Left,Normal,3126.431,2117.604,1008.827,0
Momote,7,419,2,29,MoMote,Top,Close,3226.767,2219.033,1007.734,0
Momote,7,420,2,30,MoMote,Back,Far,8776.421,7565.881,1210.54,0
Momote,8,421,1,1,MoMote,Back,Normal,5244.455,4135.894,1108.561,0
Momote,8,422,1,2,MoMote,Left,Close,12406.746,11399.303,1007.443,0
Momote,8,423,1,3,MoMote,Right,Normal,3631.399,2521.745,1109.654,0
Momote,8,424,1,4,MoMote,Top,Close,5345.616,3127.21,2218.406,0
Momote,8,425,1,5,MoMote,Bottom,Normal,5648.897,4236.798,1412.099,0
Momote,8,426,1,6,MoMote,Right,Close,4639.583,3429.128,1210.455,0
Momote,8,427,1,7,MoMote,Back,Close,6657.213,5649.245,1007.968,0
Momote,8,428,1,8,MoMote,Top,Normal,3126.483,1917.122,1209.361,0
Momote,8,429,1,9,MoMote,Right,Far,4438.812,3329.291,1109.521,0
Momote,8,430,1,10,MoMote,Left,Far,9583.407,8474.138,1109.269,0
Momote,8,431,1,11,MoMote,Bottom,Close,6455.899,5446.72,1009.179,0
Momote,8,432,1,12,MoMote,Bottom,Far,6860.725,5851.76,1008.965,0
Momote,8,433,1,13,MoMote,Left,Normal,5447.708,4438.642,1009.066,0
Momote,8,434,1,14,MoMote,Back,Far,6354.469,5244.977,1109.492,0
Momote,8,435,1,15,MoMote,Top,Far,8775.39,7463.775,1311.615,0
Momote,8,436,1,16,MoMote,Back,Close,4741.045,3631.244,1109.801,0
Momote,8,437,1,17,MoMote,Right,Far,5346.078,4134.753,1211.325,0
Momote,8,438,1,18,MoMote,Left,Normal,8977.57,4942.309,4035.261,0
Momote,8,439,1,19,MoMote,Top,Far,5748.687,4741.101,1007.586,0
Momote,8,440,1,20,MoMote,Top,Close,2319.622,2319.453,0.169,0
Momote,8,441,1,21,MoMote,Bottom,Far,10188.741,9079.637,1109.104,0
Momote,8,442,1,22,MoMote,Right,Close,4234.85,3428.206,806.644,0
Momote,8,443,1,23,MoMote,Back,Normal,4235.712,3025.907,1209.805,0
Momote,8,444,1,24,MoMote,Back,Far,3732.591,3127.078,605.513,0
Momote,8,445,1,25,MoMote,Bottom,Close,5446.869,4438.079,1008.79,0
Momote,8,446,1,26,MoMote,Right,Normal,3125.765,2117.618,1008.147,0
Momote,8,447,1,27,MoMote,Bottom,Normal,5446.847,3934.018,1512.829,0
Momote,8,448,1,28,MoMote,Left,Far,8372.688,7465.01,907.678,0
Momote,8,449,1,29,MoMote,Top,Normal,2117.452,1209.99,907.462,0
Momote,8,450,1,30,MoMote,Left,Close,6758.166,5649.259,1108.907,0
Momote,8,451,2,1,Phone,Back,Normal,3915.212,3315.877,599.335,0
Momote,8,452,2,2,Phone,Left,Close,4750.484,4018.46,732.024,0
Momote,8,453,2,3,Phone,Right,Normal,2763.894,2063.789,700.105,0
Momote,8,454,2,4,Phone,Top,Close,2681.698,2017.893,663.805,0
Momote,8,455,2,5,Phone,Bottom,Normal,4468.191,3769.188,699.003,0
Momote,8,456,2,6,Phone,Right,Close,3000.057,2332.893,667.164,0
Momote,8,457,2,7,Phone,Back,Close,3616.563,2716.212,900.351,0
Momote,8,458,2,8,Phone,Top,Normal,2096.944,1395.3,701.644,0
Momote,8,459,2,9,Phone,Right,Far,3365.787,2665.982,699.805,0
Momote,8,460,2,10,Phone,Left,Far,6180.232,5379.667,800.565,0
Momote,8,461,2,11,Phone,Bottom,Close,4680.945,3981.547,699.398,0
Momote,8,462,2,12,Phone,Bottom,Far,5133.863,4367.49,766.373,0
Momote,8,463,2,13,Phone,Left,Normal,3634.859,2864.772,770.087,0
Momote,8,464,2,14,Phone,Back,Far,4164.238,3396.441,767.797,0
Momote,8,465,2,15,Phone,Top,Far,2364.744,1596.983,767.761,0
Momote,8,466,2,16,Phone,Back,Close,3963.922,3098.49,865.432,0
Momote,8,467,2,17,Phone,Right,Far,2866.785,2133.561,733.224,0
Momote,8,468,2,18,Phone,Left,Normal,4500.693,3565.717,934.976,0
Momote,8,469,2,19,Phone,Top,Far,3298.266,2530.976,767.29,0
Momote,8,470,2,20,Phone,Top,Close,3029.75,2296.271,733.479,0
Momote,8,471,2,21,Phone,Bottom,Far,6831.791,6196.89,634.901,0
Momote,8,472,2,22,Phone,Right,Close,2917.694,2314.649,603.045,0
Momote,8,473,2,23,Phone,Back,Normal,3498.068,2829.544,668.524,0
Momote,8,474,2,24,Phone,Back,Far,3532.274,2961.958,570.316,0
Momote,8,475,2,25,Phone,Bottom,Close,4863.412,3761.924,1101.488,0
Momote,8,476,2,26,Phone,Right,Normal,2298.993,1599.082,699.911,0
Momote,8,477,2,27,Phone,Bottom,Normal,4333.736,3664.722,669.014,0
Momote,8,478,2,28,Phone,Left,Far,5698.778,4963.324,735.454,0
Momote,8,479,2,29,Phone,Top,Normal,3661.832,2927.145,734.687,0
Momote,8,480,2,30,Phone,Left,Close,3999.766,3332.059,667.707,0
Momote,9,481,1,1,Phone,Back,Far,15417.871,14417.057,1000.814,0
Momote,9,482,1,2,Phone,Left,Normal,4332.424,3597.187,735.237,0
Momote,9,483,1,3,Phone,Right,Far,15097.387,14164.449,932.938,0
Momote,9,484,1,4,Phone,Top,Normal,4765.176,4030.838,734.338,0
Momote,9,485,1,5,Phone,Bottom,Far,9467.529,8631.966,835.563,0
Momote,9,486,1,6,Phone,Right,Normal,3330.361,2595.552,734.809,0
Momote,9,487,1,7,Phone,Back,Normal,4763.27,3929.781,833.489,0
Momote,9,488,1,8,Phone,Top,Far,7864.614,6999.004,865.61,0
Momote,9,489,1,9,Phone,Top,Close,7082.183,6050.298,1031.885,0
Momote,9,490,1,10,Phone,Right,Close,3299.523,2567.863,731.66,0
Momote,9,491,1,11,Phone,Bottom,Normal,5464.054,4863.99,600.064,0
Momote,9,492,1,12,Phone,Back,Close,6068.934,5332.607,736.327,0
Momote,9,493,1,13,Phone,Left,Far,10730.036,9997.121,732.915,0
Momote,9,494,1,14,Phone,Left,Close,6631.767,5997.324,634.443,0
Momote,9,495,1,15,Phone,Bottom,Close,3764.873,2997.728,767.145,0
Momote,9,496,1,16,Phone,Back,Normal,5031.37,4363.47,667.9,0
Momote,9,497,1,17,Phone,Top,Close,3996.595,2998.752,997.843,0
Momote,9,498,1,18,Phone,Left,Far,8398.309,7699.404,698.905,0
Momote,9,499,1,19,Phone,Bottom,Close,5532.66,4866.425,666.235,0
Momote,9,500,1,20,Phone,Top,Normal,4131.892,3299.638,832.254,0
Momote,9,501,1,21,Phone,Back,Close,4682.099,3648.959,1033.14,0
Momote,9,502,1,22,Phone,Right,Normal,3633.341,2598.52,1034.821,0
Momote,9,503,1,23,Phone,Back,Far,8362.733,7431.048,931.685,0
Momote,9,504,1,24,Phone,Left,Close,5834.173,4999.89,834.283,0
Momote,9,505,1,25,Phone,Bottom,Normal,4730.11,3965.442,764.668,0
Momote,9,506,1,26,Phone,Right,Far,6599.04,5731.436,867.604,0
Momote,9,507,1,27,Phone,Bottom,Far,8764.721,8132.521,632.2,0
Momote,9,508,1,28,Phone,Right,Close,3364.384,2664.428,699.956,0
Momote,9,509,1,29,Phone,Top,Far,7599.428,6766.317,833.111,0
Momote,9,510,1,30,Phone,Left,Normal,5745.968,4980.891,765.077,0
Momote,9,511,2,1,MoMote,Back,Far,16240.172,11499.311,4740.861,0
Momote,9,512,2,2,MoMote,Left,Normal,14928.362,7464.758,7463.604,0
Momote,9,513,2,3,MoMote,Right,Far,15332.825,13416.02,1916.805,0
Momote,9,514,2,4,MoMote,Top,Normal,8271.423,5749.71,2521.713,0
Momote,9,515,2,5,MoMote,Bottom,Far,9480.535,6960.054,2520.481,0
Momote,9,516,2,6,MoMote,Right,Normal,4135.481,2926.005,1209.476,0
Momote,9,517,2,7,MoMote,Back,Normal,5648.805,4035.168,1613.637,0
Momote,9,518,2,8,MoMote,Top,Far,15534.701,11702.409,3832.292,0
Momote,9,519,2,9,MoMote,Top,Close,11499.696,7970.451,3529.245,0
Momote,9,520,2,10,MoMote,Right,Close,11600.814,6053.26,5547.554,0
Momote,9,521,2,11,MoMote,Bottom,Normal,5143.557,3226.805,1916.752,0
Momote,9,522,2,12,MoMote,Back,Close,11298.037,5346.889,5951.148,0
Momote,9,523,2,13,MoMote,Left,Far,14225.036,12107.074,2117.962,0
Momote,9,524,2,14,MoMote,Left,Close,11399.515,8272.341,3127.174,0
Momote,9,525,2,15,MoMote,Bottom,Close,8876.287,7262.376,1613.911,0
Momote,9,526,2,16,MoMote,Back,Normal,7766.961,5447.254,2319.707,0
Momote,9,527,2,17,MoMote,Top,Close,8675.803,5043.918,3631.885,0
Momote,9,528,2,18,MoMote,Left,Far,11901.493,10288.607,1612.886,0
Momote,9,529,2,19,MoMote,Bottom,Close,9179.484,5144.547,4034.937,0
Momote,9,530,2,20,MoMote,Top,Normal,5144.193,3026.185,2118.008,0
Momote,9,531,2,21,MoMote,Back,Close,6152.502,4135.809,2016.693,0
Momote,9,532,2,22,MoMote,Right,Normal,4236.92,1816.062,2420.858,0
Momote,9,533,2,23,MoMote,Back,Far,10793.202,7968.505,2824.697,0
Momote,9,534,2,24,MoMote,Left,Close,8676.234,6961.432,1714.802,0
Momote,9,535,2,25,MoMote,Bottom,Normal,7565.784,5951.775,1614.009,0
Momote,9,536,2,26,MoMote,Right,Far,9279.921,6757.368,2522.553,0
Momote,9,537,2,27,MoMote,Bottom,Far,11096.421,9784.583,1311.838,0
Momote,9,538,2,28,MoMote,Right,Close,5648.756,3227.473,2421.283,0
Momote,9,539,2,29,MoMote,Top,Far,10188.664,8170.836,2017.828,0
Momote,9,540,2,30,MoMote,Left,Normal,7867.742,6051.925,1815.817,0
Momote,10,541,1,1,MoMote,Left,Close,7363.655,5851.521,1512.134,0
Momote,10,542,1,2,MoMote,Left,Far,13315.108,8574.152,4740.956,0
Momote,10,543,1,3,MoMote,Top,Close,5244.02,3933.589,1310.431,0
Momote,10,544,1,4,MoMote,Top,Far,15534.255,10592.008,4942.247,0
Momote,10,545,1,5,MoMote,Back,Close,14222.527,12305.744,1916.783,0
Momote,10,546,1,6,MoMote,Right,Far,12910.583,12204.636,705.947,0
Momote,10,547,1,7,MoMote,Back,Far,18963.614,16946.751,2016.863,0
Momote,10,548,1,8,MoMote,Bottom,Close,7665.755,5950.888,1714.867,0
Momote,10,549,1,9,MoMote,Top,Normal,4336.48,2218.701,2117.779,0
Momote,10,550,1,10,MoMote,Right,Normal,7363.591,4740.859,2622.732,0
Momote,10,551,1,11,MoMote,Bottom,Far,7665.907,4237.08,3428.827,0
Momote,10,552,1,12,MoMote,Back,Normal,5244.785,4337.903,906.882,0
Momote,10,553,1,13,MoMote,Right,Close,10893.583,8473.478,2420.105,0
Momote,10,554,1,14,MoMote,Left,Normal,3126.809,1916.465,1210.344,0
Momote,10,555,1,15,MoMote,Bottom,Normal,11600.496,9481.204,2119.292,0
Momote,10,556,1,16,MoMote,Back,Far,7463.757,6757.79,705.967,0
Momote,10,557,1,17,MoMote,Top,Normal,5446.636,3933.959,1512.677,0
Momote,10,558,1,18,MoMote,Right,Close,8169.614,7565.008,604.606,0
Momote,10,559,1,19,MoMote,Bottom,Normal,7767.664,6052.838,1714.826,0
Momote,10,560,1,20,MoMote,Top,Far,10388.626,9279.459,1109.167,0
Momote,10,561,1,21,MoMote,Back,Normal,6858.801,3026.062,3832.739,0
Momote,10,562,1,22,MoMote,Right,Far,12608.583,10490.665,2117.918,0
Momote,10,563,1,23,MoMote,Left,Close,4740.648,3631.87,1108.778,0
Momote,10,564,1,24,MoMote,Left,Normal,6858.977,5750.01,1108.967,0
Momote,10,565,1,25,MoMote,Bottom,Far,17551.304,15937.821,1613.483,0
Momote,10,566,1,26,MoMote,Top,Close,7463.682,5547.982,1915.7,0
Momote,10,567,1,27,MoMote,Back,Close,4941.355,3831.494,1109.861,0
Momote,10,568,1,28,MoMote,Right,Normal,6959.652,5144.694,1814.958,0
Momote,10,569,1,29,MoMote,Bottom,Close,7464.416,6153.667,1310.749,0
Momote,10,570,1,30,MoMote,Left,Far,8069.643,7060.98,1008.663,0
Momote,10,571,2,1,Phone,Left,Close,6056.611,5123.643,932.968,0
Momote,10,572,2,2,Phone,Left,Far,7594.424,6862.076,732.348,0
Momote,10,573,2,3,Phone,Top,Close,20899.178,14398.753,6500.425,0
Momote,10,574,2,4,Phone,Top,Far,7831.396,6997.406,833.99,0
Momote,10,575,2,5,Phone,Back,Close,4597.535,4031.633,565.902,0
Momote,10,576,2,6,Phone,Right,Far,8398.17,7665.604,732.566,0
Momote,10,577,2,7,Phone,Back,Far,7499.258,6730.949,768.309,0
Momote,10,578,2,8,Phone,Bottom,Close,4164.653,3432.073,732.58,0
Momote,10,579,2,9,Phone,Top,Normal,4331.471,3564.769,766.702,0
Momote,10,580,2,10,Phone,Right,Normal,4664.927,4066.396,598.531,0
Momote,10,581,2,11,Phone,Bottom,Far,2532.639,1700.334,832.305,0
Momote,10,582,2,12,Phone,Back,Normal,3431.492,2598.429,833.063,0
Momote,10,583,2,13,Phone,Right,Close,3631.984,2598.279,1033.705,0
Momote,10,584,2,14,Phone,Left,Normal,2698.251,2098.06,600.191,0
Momote,10,585,2,15,Phone,Bottom,Normal,2165.672,1531.114,634.558,0
Momote,10,586,2,16,Phone,Back,Far,2863.899,2263.162,600.737,0
Momote,10,587,2,17,Phone,Top,Normal,3899.183,3232.448,666.735,0
Momote,10,588,2,18,Phone,Right,Close,3715.724,2949.113,766.611,0
Momote,10,589,2,19,Phone,Bottom,Normal,2232.129,1564.605,667.524,0
Momote,10,590,2,20,Phone,Top,Far,4331.065,3598.05,733.015,0
Momote,10,591,2,21,Phone,Back,Normal,3566.056,2764.539,801.517,0
Momote,10,592,2,22,Phone,Right,Far,4531.376,3698.561,832.815,0
Momote,10,593,2,23,Phone,Left,Close,3765.259,3031.736,733.523,0
Momote,10,594,2,24,Phone,Left,Normal,2698.108,2066.756,631.352,0
Momote,10,595,2,25,Phone,Bottom,Far,2299.565,1501.631,797.934,0
Momote,10,596,2,26,Phone,Top,Close,4698.784,3799.572,899.212,0
Momote,10,597,2,27,Phone,Back,Close,3697.304,2898.802,798.502,0
Momote,10,598,2,28,Phone,Right,Normal,4697.457,4098.257,599.2,0
Momote,10,599,2,29,Phone,Bottom,Close,3448.879,2516.672,932.207,0
Momote,10,600,2,30,Phone,Left,Far,5765.825,4399.813,1366.012,0
Momote,11,601,1,1,Phone,Left,Normal,8121.486,7355.104,766.382,0
Momote,11,602,1,2,Phone,Right,Close,5965.691,4965.331,1000.36,0
Momote,11,603,1,3,Phone,Top,Normal,5163.724,4264.199,899.525,0
Momote,11,604,1,4,Phone,Bottom,Close,5531.39,4732.609,798.781,0
Momote,11,605,1,5,Phone,Back,Normal,5066.33,4066.387,999.943,0
Momote,11,606,1,6,Phone,Top,Close,3715.731,2915.185,800.546,0
Momote,11,607,1,7,Phone,Left,Close,3465.238,2797.601,667.637,0
Momote,11,608,1,8,Phone,Bottom,Normal,4064.399,3098.489,965.91,0
Momote,11,609,1,9,Phone,Top,Far,7599.505,6631.761,967.744,0
Momote,11,610,1,10,Phone,Right,Far,7163.309,6397.25,766.059,0
Momote,11,611,1,11,Phone,Back,Close,4582.597,3781.57,801.027,0
Momote,11,612,1,12,Phone,Back,Far,9466.703,8466.251,1000.452,0
Momote,11,613,1,13,Phone,Right,Normal,4163.615,2830.653,1332.962,0
Momote,11,614,1,14,Phone,Left,Far,9465.386,8733.529,731.857,0
Momote,11,615,1,15,Phone,Bottom,Far,10632.958,9866.175,766.783,0
Momote,11,616,1,16,Phone,Left,Close,6096.86,5096.172,1000.688,0
Momote,11,617,1,17,Phone,Top,Far,9697.351,8898.06,799.291,0
Momote,11,618,1,18,Phone,Right,Normal,3599.814,2866.552,733.262,0
Momote,11,619,1,19,Phone,Bottom,Far,10097.905,9263.681,834.224,0
Momote,11,620,1,20,Phone,Bottom,Close,6582.701,5682.614,900.087,0
Momote,11,621,1,21,Phone,Back,Far,8097.87,7330.443,767.427,0
Momote,11,622,1,22,Phone,Top,Close,4181.549,3314.9,866.649,0
Momote,11,623,1,23,Phone,Left,Normal,4999.723,4232.964,766.759,0
Momote,11,624,1,24,Phone,Left,Far,9965.609,9266.043,699.566,0
Momote,11,625,1,25,Phone,Back,Close,5327.877,4429.016,898.861,0
Momote,11,626,1,26,Phone,Top,Normal,3466.038,2299.261,1166.777,0
Momote,11,627,1,27,Phone,Back,Normal,4264.881,3499.792,765.089,0
Momote,11,628,1,28,Phone,Right,Far,8465.321,7698.96,766.361,0
Momote,11,629,1,29,Phone,Bottom,Normal,4664.455,3965.942,698.513,0
Momote,11,630,1,30,Phone,Right,Close,3199.42,2568.915,630.505,0
Momote,11,631,2,1,MoMote,Left,Normal,8876.569,7060.82,1815.749,0
Momote,11,632,2,2,MoMote,Right,Close,12910.933,11498.585,1412.348,1
Momote,11,633,2,3,MoMote,Top,Normal,9783.702,7463.931,2319.771,1
Momote,11,634,2,4,MoMote,Bottom,Close,8877.342,7162.633,1714.709,0
Momote,11,635,2,5,MoMote,Back,Normal,8371.366,6858.703,1512.663,0
Momote,11,636,2,6,MoMote,Top,Close,4741.181,3329.299,1411.882,0
Momote,11,637,2,7,MoMote,Left,Close,8573.706,7464.609,1109.097,0
Momote,11,638,2,8,MoMote,Bottom,Normal,7867.218,6656.792,1210.426,0
Momote,11,639,2,9,MoMote,Top,Far,12407.141,11096.314,1310.827,0
Momote,11,640,2,10,MoMote,Right,Far,9078.447,7868.36,1210.087,0
Momote,11,641,2,11,MoMote,Back,Close,6354.098,4841.304,1512.794,0
Momote,11,642,2,12,MoMote,Back,Far,10590.782,9683.751,907.031,0
Momote,11,643,2,13,MoMote,Right,Normal,4942.868,3631.938,1310.93,0
Momote,11,644,2,14,MoMote,Left,Far,11701.283,10491.574,1209.709,0
Momote,11,645,2,15,MoMote,Bottom,Far,12306.946,9784.968,2521.978,0
Momote,11,646,2,16,MoMote,Left,Close,8671.665,6452.812,2218.853,0
Momote,11,647,2,17,MoMote,Top,Far,10994.163,9078.403,1915.76,0
Momote,11,648,2,18,MoMote,Right,Normal,6053.308,4641.373,1411.935,0
Momote,11,649,2,19,MoMote,Bottom,Far,11095.516,9985.75,1109.766,0
Momote,11,650,2,20,MoMote,Bottom,Close,7565.82,6657.998,907.822,0
Momote,11,651,2,21,MoMote,Back,Far,9279.711,7968.4,1311.311,0
Momote,11,652,2,22,MoMote,Top,Close,3833.457,2723.789,1109.668,0
Momote,11,653,2,23,MoMote,Left,Normal,7766.363,5950.712,1815.651,0
Momote,11,654,2,24,MoMote,Left,Far,9380.982,8271.389,1109.593,0
Momote,11,655,2,25,MoMote,Back,Close,6051.77,4034.664,2017.106,0
Momote,11,656,2,26,MoMote,Top,Normal,3631.869,2420.807,1211.062,0
Momote,11,657,2,27,MoMote,Back,Normal,5345.228,4135.477,1209.751,0
Momote,11,658,2,28,MoMote,Right,Far,11297.915,9785.158,1512.757,0
Momote,11,659,2,29,MoMote,Bottom,Normal,3530.078,2319.942,1210.136,0
Momote,11,660,2,30,MoMote,Right,Close,4236.147,2723.177,1512.97,0
Momote,12,661,1,1,MoMote,Left,Far,17954.507,14930.047,3024.46,0
Momote,12,662,1,2,MoMote,Right,Normal,13818.13,9582.748,4235.382,0
Momote,12,663,1,3,MoMote,Top,Far,13918.945,11399.602,2519.343,0
Momote,12,664,1,4,MoMote,Bottom,Normal,28141.475,19165.456,8976.019,1
Momote,12,665,1,5,MoMote,Back,Far,17550.823,14020.687,3530.136,0
Momote,12,666,1,6,MoMote,Top,Normal,7866.072,6456.022,1410.05,0
Momote,12,667,1,7,MoMote,Left,Normal,4438.289,2925.598,1512.691,0
Momote,12,668,1,8,MoMote,Bottom,Far,11900.877,9480.715,2420.162,0
Momote,12,669,1,9,MoMote,Bottom,Close,12608.016,8977.601,3630.415,0
Momote,12,670,1,10,MoMote,Top,Close,10489.579,7060.842,3428.737,0
Momote,12,671,1,11,MoMote,Back,Normal,9379.921,8069.719,1310.202,0
Momote,12,672,1,12,MoMote,Left,Close,6151.73,4841.733,1309.997,0
Momote,12,673,1,13,MoMote,Right,Far,14423.913,12205.746,2218.167,0
Momote,12,674,1,14,MoMote,Right,Close,10690.945,8674.631,2016.314,0
Momote,12,675,1,15,MoMote,Back,Close,8472.305,6758.601,1713.704,0
Momote,12,676,1,16,MoMote,Left,Normal,4134.979,3227.93,907.049,0
Momote,12,677,1,17,MoMote,Bottom,Close,8976.296,7060.876,1915.42,0
Momote,12,678,1,18,MoMote,Right,Far,13817.956,12608.305,1209.651,0
Momote,12,679,1,19,MoMote,Back,Close,7160.936,5749.34,1411.596,0
Momote,12,680,1,20,MoMote,Bottom,Normal,4639.088,3430.132,1208.956,0
Momote,12,681,1,21,MoMote,Left,Close,4942.295,3127.101,1815.194,0
Momote,12,682,1,22,MoMote,Top,Normal,7866.795,6051.115,1815.68,0
Momote,12,683,1,23,MoMote,Left,Far,10691.178,9482.718,1208.46,0
Momote,12,684,1,24,MoMote,Right,Close,8975.785,7363.278,1612.507,0
Momote,12,685,1,25,MoMote,Back,Normal,6354.675,4942.765,1411.91,0
Momote,12,686,1,26,MoMote,Top,Far,11598.465,10389.709,1208.756,0
Momote,12,687,1,27,MoMote,Back,Far,9379.815,8069.69,1310.125,0
Momote,12,688,1,28,MoMote,Top,Close,8977.003,7363.736,1613.267,0
Momote,12,689,1,29,MoMote,Bottom,Far,14625.245,13214.008,1411.237,0
Momote,12,690,1,30,MoMote,Right,Normal,6555.791,5345.55,1210.241,0
Momote,12,691,2,1,Phone,Left,Far,9583.765,8917.4,666.365,0
Momote,12,692,2,2,Phone,Right,Normal,3298.865,2598.756,700.109,0
Momote,12,693,2,3,Phone,Top,Far,3266.501,2498.906,767.595,0
Momote,12,694,2,4,Phone,Bottom,Normal,5063.738,4297.197,766.541,0
Momote,12,695,2,5,Phone,Back,Far,7465.494,6532.664,932.83,0
Momote,12,696,2,6,Phone,Top,Normal,2765.354,2199.132,566.222,0
Momote,12,697,2,7,Phone,Left,Normal,3332.306,2731.787,600.519,0
Momote,12,698,2,8,Phone,Bottom,Far,7129.555,6397.59,731.965,0
Momote,12,699,2,9,Phone,Bottom,Close,4084.873,3450.192,634.681,0
Momote,12,700,2,10,Phone,Top,Close,4365.602,3599.514,766.088,0
Momote,12,701,2,11,Phone,Back,Normal,3430.032,2797.724,632.308,0
Momote,12,702,2,12,Phone,Left,Close,4398.378,3798.782,599.596,0
Momote,12,703,2,13,Phone,Right,Far,6831.787,6264.303,567.484,0
Momote,12,704,2,14,Phone,Right,Close,2797.314,2098.058,699.256,0
Momote,12,705,2,15,Phone,Back,Close,4412.709,3645.545,767.164,0
Momote,12,706,2,16,Phone,Left,Normal,4465.841,3798.535,667.306,0
Momote,12,707,2,17,Phone,Bottom,Close,5631.03,4832.757,798.273,0
Momote,12,708,2,18,Phone,Right,Far,7731.965,7033.879,698.086,0
Momote,12,709,2,19,Phone,Back,Close,9129.946,8431.987,697.959,1
Momote,12,710,2,20,Phone,Bottom,Normal,4333.916,3765.058,568.858,0
Momote,12,711,2,21,Phone,Left,Close,7731.942,7061.476,670.466,0
Momote,12,712,2,22,Phone,Top,Normal,3065.394,2565.383,500.011,0
Momote,12,713,2,23,Phone,Left,Far,6296.657,5665.656,631.001,0
Momote,12,714,2,24,Phone,Right,Close,3029.994,2399.41,630.584,0
Momote,12,715,2,25,Phone,Back,Normal,4333.673,3699.938,633.735,0
Momote,12,716,2,26,Phone,Top,Far,6894.337,6029.263,865.074,0
Momote,12,717,2,27,Phone,Back,Far,9167.473,8198.579,968.894,0
Momote,12,718,2,28,Phone,Top,Close,6197.862,4964.166,1233.696,0
Momote,12,719,2,29,Phone,Bottom,Far,12631.566,12065.886,565.68,1
Momote,12,720,2,30,Phone,Right,Normal,4697.589,3966.593,730.996,0
Momote,13,721,1,1,Phone,Right,Close,6437.242,5372.697,1064.545,0
Momote,13,722,1,2,Phone,Right,Far,10132.086,9431.37,700.716,0
Momote,13,723,1,3,Phone,Bottom,Close,6263.507,5432.134,831.373,0
Momote,13,724,1,4,Phone,Bottom,Far,10533.011,9864.197,668.814,0
Momote,13,725,1,5,Phone,Left,Close,6381.734,4883.724,1498.01,0
Momote,13,726,1,6,Phone,Top,Far,6466.083,5600.998,865.085,0
Momote,13,727,1,7,Phone,Left,Far,10932.374,9896.428,1035.946,0
Momote,13,728,1,8,Phone,Back,Close,5230.17,4362.769,867.401,0
Momote,13,729,1,9,Phone,Bottom,Normal,5897.807,4864.912,1032.895,0
Momote,13,730,1,10,Phone,Top,Normal,3196.406,2299.079,897.327,0
Momote,13,731,1,11,Phone,Back,Far,7633.754,6599.273,1034.481,0
Momote,13,732,1,12,Phone,Left,Normal,4765.783,4035.355,730.428,0
Momote,13,733,1,13,Phone,Top,Close,4065.37,3230.031,835.339,0
Momote,13,734,1,14,Phone,Right,Normal,3963.266,2863.248,1100.018,0
Momote,13,735,1,15,Phone,Back,Normal,4145.347,3345.606,799.741,0
Momote,13,736,1,16,Phone,Left,Far,8265.518,7365.964,899.554,0
Momote,13,737,1,17,Phone,Bottom,Normal,4998.684,4031.729,966.955,0
Momote,13,738,1,18,Phone,Top,Close,3866.786,3064.998,801.788,0
Momote,13,739,1,19,Phone,Back,Normal,3832.559,2966.891,865.668,0
Momote,13,740,1,20,Phone,Bottom,Far,9793.547,8928.208,865.339,0
Momote,13,741,1,21,Phone,Left,Normal,3735.08,3072.738,662.342,0
Momote,13,742,1,22,Phone,Top,Far,6592.454,5726.754,865.7,0
Momote,13,743,1,23,Phone,Right,Close,4331.48,3567.028,764.452,0
Momote,13,744,1,24,Phone,Right,Normal,2466.485,1832.752,633.733,0
Momote,13,745,1,25,Phone,Back,Far,6865.159,6197.673,667.486,0
Momote,13,746,1,26,Phone,Bottom,Close,5803.073,4808.361,994.712,0
Momote,13,747,1,27,Phone,Left,Close,4032.251,3031.773,1000.478,0
Momote,13,748,1,28,Phone,Top,Normal,3026.876,2194.507,832.369,0
Momote,13,749,1,29,Phone,Back,Close,4399.565,3465.155,934.41,0
Momote,13,750,1,30,Phone,Right,Far,7463.966,6565.159,898.807,0
Momote,13,751,2,1,MoMote,Right,Close,13011.809,9582.53,3429.279,0
Momote,13,752,2,2,MoMote,Right,Far,12204.865,8977.397,3227.468,0
Momote,13,753,2,3,MoMote,Bottom,Close,10793.694,8876.684,1917.01,0
Momote,13,754,2,4,MoMote,Bottom,Far,13112.443,11095.771,2016.672,0
Momote,13,755,2,5,MoMote,Left,Close,9481.459,7262.445,2219.014,0
Momote,13,756,2,6,MoMote,Top,Far,9077.329,7362.91,1714.419,0
Momote,13,757,2,7,MoMote,Left,Far,14928.767,11499.772,3428.995,0
Momote,13,758,2,8,MoMote,Back,Close,8674.226,6758.66,1915.566,0
Momote,13,759,2,9,MoMote,Bottom,Normal,9482.27,8172.288,1309.982,0
Momote,13,760,2,10,MoMote,Top,Normal,6757.529,3832.515,2925.014,0
Momote,13,761,2,11,MoMote,Back,Far,11902.252,10490.902,1411.35,0
Momote,13,762,2,12,MoMote,Left,Normal,11803.243,6759.354,5043.889,0
Momote,13,763,2,13,MoMote,Top,Close,12405.162,7968.193,4436.969,0
Momote,13,764,2,14,MoMote,Right,Normal,12809.833,10793.415,2016.418,0
Momote,13,765,2,15,MoMote,Back,Normal,7867.453,4741.201,3126.252,0
Momote,13,766,2,16,MoMote,Left,Far,12910.888,11297.874,1613.014,0
Momote,13,767,2,17,MoMote,Bottom,Normal,7666.23,5750.754,1915.476,0
Momote,13,768,2,18,MoMote,Top,Close,7868.588,5851.873,2016.715,0
Momote,13,769,2,19,MoMote,Back,Normal,7765.607,5547.365,2218.242,0
Momote,13,770,2,20,MoMote,Bottom,Far,14926.515,13718.279,1208.236,0
Momote,13,771,2,21,MoMote,Left,Normal,12004.642,9786.165,2218.477,0
Momote,13,772,2,22,MoMote,Top,Far,9884.062,8170.204,1713.858,0
Momote,13,773,2,23,MoMote,Right,Close,7362.754,5044.594,2318.16,0
Momote,13,774,2,24,MoMote,Right,Normal,7565.902,5246.493,2319.409,0
Momote,13,775,2,25,MoMote,Back,Far,18257.195,16139.543,2117.652,0
Momote,13,776,2,26,MoMote,Bottom,Close,8877.065,6959.845,1917.22,0
Momote,13,777,2,27,MoMote,Left,Close,8978.094,6859.531,2118.563,0
Momote,13,778,2,28,MoMote,Top,Normal,5445.756,3832.626,1613.13,0
Momote,13,779,2,29,MoMote,Back,Close,8573.515,4942.064,3631.451,0
Momote,13,780,2,30,MoMote,Right,Far,31874.187,30058.988,1815.199,1
Momote,14,781,1,1,MoMote,Right,Normal,15333.356,10895.47,4437.886,0
Momote,14,782,1,2,MoMote,Top,Close,22794.932,17046.596,5748.336,0
Momote,14,783,1,3,MoMote,Bottom,Normal,15735.358,12406.839,3328.519,0
Momote,14,784,1,4,MoMote,Back,Close,20375.266,16743.981,3631.285,0
Momote,14,785,1,5,MoMote,Left,Normal,7866.988,3428.873,4438.115,0
Momote,14,786,1,6,MoMote,Bottom,Close,15532.203,11398.445,4133.758,0
Momote,14,787,1,7,MoMote,Right,Close,12608.659,9380.891,3227.768,0
Momote,14,788,1,8,MoMote,Back,Normal,14826.854,5446.754,9380.1,0
Momote,14,789,1,9,MoMote,Bottom,Far,17046.434,15030.026,2016.408,0
Momote,14,790,1,10,MoMote,Top,Far,31268.686,27133.535,4135.151,1
Momote,14,791,1,11,MoMote,Left,Close,7565.084,5951.819,1613.265,0
Momote,14,792,1,12,MoMote,Left,Far,9884.029,8573.548,1310.481,0
Momote,14,793,1,13,MoMote,Top,Normal,7967.381,4337.751,3629.63,0
Momote,14,794,1,14,MoMote,Right,Far,15232.967,11299.366,3933.601,0
Momote,14,795,1,15,MoMote,Back,Far,14019.408,11094.538,2924.87,0
Momote,14,796,1,16,MoMote,Right,Close,16037.765,7867.369,8170.396,0
Momote,14,797,1,17,MoMote,Bottom,Far,15128.933,13111.367,2017.566,0
Momote,14,798,1,18,MoMote,Top,Normal,9683.19,7060.767,2622.423,0
Momote,14,799,1,19,MoMote,Back,Far,11195.815,9279.719,1916.096,0
Momote,14,800,1,20,MoMote,Back,Close,10791.589,8775.142,2016.447,0
Momote,14,801,1,21,MoMote,Left,Far,10892.976,9280.585,1612.391,0
Momote,14,802,1,22,MoMote,Bottom,Close,13213.614,10389.889,2823.725,0
Momote,14,803,1,23,MoMote,Right,Normal,9783.048,6050.37,3732.678,0
Momote,14,804,1,24,MoMote,Right,Far,14424.356,10893.752,3530.604,0
Momote,14,805,1,25,MoMote,Left,Close,6655.591,4135.043,2520.548,0
Momote,14,806,1,26,MoMote,Bottom,Normal,9077.611,7162.281,1915.33,0
Momote,14,807,1,27,MoMote,Left,Normal,8774.399,6152.705,2621.694,0
Momote,14,808,1,28,MoMote,Top,Far,9481.64,6758.78,2722.86,0
Momote,14,809,1,29,MoMote,Back,Normal,7057.913,6150.621,907.292,0
Momote,14,810,1,30,MoMote,Top,Close,8270.393,5346.404,2923.989,0
Momote,14,811,2,1,Phone,Right,Normal,4922.186,3689.02,1233.166,0
Momote,14,812,2,2,Phone,Top,Close,5314.44,4048.08,1266.36,0
Momote,14,813,2,3,Phone,Bottom,Normal,7763.059,6362.78,1400.279,0
Momote,14,814,2,4,Phone,Back,Close,9627.554,8298.048,1329.506,0
Momote,14,815,2,5,Phone,Left,Normal,6664.994,5731.194,933.8,0
Momote,14,816,2,6,Phone,Bottom,Close,7567.456,6399.202,1168.254,0
Momote,14,817,2,7,Phone,Right,Close,5598.295,4531.027,1067.268,0
Momote,14,818,2,8,Phone,Back,Normal,4732.249,3528.299,1203.95,0
Momote,14,819,2,9,Phone,Bottom,Far,13264.838,12029.797,1235.041,0
Momote,14,820,2,10,Phone,Top,Far,10598.957,9497.667,1101.29,0
Momote,14,821,2,11,Phone,Left,Close,7430.902,6264.548,1166.354,0
Momote,14,822,2,12,Phone,Left,Far,11898.619,10595.822,1302.797,0
Momote,14,823,2,13,Phone,Top,Normal,3798.536,2764.327,1034.209,0
Momote,14,824,2,14,Phone,Right,Far,12064.649,10996.347,1068.302,0
Momote,14,825,2,15,Phone,Back,Far,8764.201,7862.825,901.376,0
Momote,14,826,2,16,Phone,Right,Close,6730.554,5630.644,1099.91,0
Momote,14,827,2,17,Phone,Bottom,Far,13800.508,12700.387,1100.121,0
Momote,14,828,2,18,Phone,Top,Normal,3596.09,2831.24,764.85,0
Momote,14,829,2,19,Phone,Back,Far,8530.562,7667.515,863.047,0
Momote,14,830,2,20,Phone,Back,Close,7182.843,6348.8,834.043,0
Momote,14,831,2,21,Phone,Left,Far,9930.598,9031.183,899.415,0
Momote,14,832,2,22,Phone,Bottom,Close,7116.653,6284.368,832.285,0
Momote,14,833,2,23,Phone,Right,Normal,3998.268,3198.685,799.583,0
Momote,14,834,2,24,Phone,Right,Far,8631.159,7833.562,797.597,0
Momote,14,835,2,25,Phone,Left,Close,6267.181,5168.066,1099.115,0
Momote,14,836,2,26,Phone,Bottom,Normal,6261.743,5433.555,828.188,0
Momote,14,837,2,27,Phone,Left,Normal,5970.144,4868.7,1101.444,0
Momote,14,838,2,28,Phone,Top,Far,6725.599,5792.767,932.832,0
Momote,14,839,2,29,Phone,Back,Normal,4664.254,3566.194,1098.06,0
Momote,14,840,2,30,Phone,Top,Close,4950.547,4184.205,766.342,0
Momote,15,841,1,1,Phone,Right,Far,9491.01,8523.537,967.473,0
Momote,15,842,1,2,Phone,Top,Normal,5762.692,4796.202,966.49,0
Momote,15,843,1,3,Phone,Bottom,Far,11032.689,10330.978,701.711,0
Momote,15,844,1,4,Phone,Back,Normal,7897.809,7196.442,701.367,0
Momote,15,845,1,5,Phone,Left,Far,11198.551,10462.675,735.876,0
Momote,15,846,1,6,Phone,Bottom,Normal,4994.643,4328.293,666.35,0
Momote,15,847,1,7,Phone,Right,Normal,4830.44,3862.513,967.927,0
Momote,15,848,1,8,Phone,Back,Far,9797.621,8998.106,799.515,0
Momote,15,849,1,9,Phone,Back,Close,8170.131,7399.877,770.254,0
Momote,15,850,1,10,Phone,Bottom,Close,6328.611,5629.082,699.529,0
Momote,15,851,1,11,Phone,Left,Normal,6298.516,5534.73,763.786,0
Momote,15,852,1,12,Phone,Right,Close,5598.923,4667.443,931.48,0
Momote,15,853,1,13,Phone,Top,Far,7232.146,6563.981,668.165,0
Momote,15,854,1,14,Phone,Top,Close,4147.974,3280.251,867.723,0
Momote,15,855,1,15,Phone,Left,Close,6895.488,6133.2,762.288,0
Momote,15,856,1,16,Phone,Right,Normal,4968.248,4101.519,866.729,0
Momote,15,857,1,17,Phone,Back,Close,7199.328,6532.402,666.926,0
Momote,15,858,1,18,Phone,Top,Far,7597.913,6866.697,731.216,0
Momote,15,859,1,19,Phone,Left,Close,6366.846,5599.492,767.354,0
Momote,15,860,1,20,Phone,Back,Normal,6263.554,5498,765.554,0
Momote,15,861,1,21,Phone,Right,Close,5531.166,4734.449,796.717,0
Momote,15,862,1,22,Phone,Bottom,Normal,5232.972,4463.525,769.447,0
Momote,15,863,1,23,Phone,Right,Far,9697.746,8760.459,937.287,0
Momote,15,864,1,24,Phone,Top,Close,5527.823,4763.513,764.31,0
Momote,15,865,1,25,Phone,Left,Normal,5367.424,4701.407,666.017,0
Momote,15,866,1,26,Phone,Bottom,Far,8632.85,7865.741,767.109,0
Momote,15,867,1,27,Phone,Left,Far,10129.624,9431.158,698.466,0
Momote,15,868,1,28,Phone,Bottom,Close,6733.375,6000.369,733.006,0
Momote,15,869,1,29,Phone,Back,Far,10164.937,9497.5,667.437,0
Momote,15,870,1,30,Phone,Top,Normal,3363.053,2665.195,697.858,0
Momote,15,871,2,1,MoMote,Right,Far,13416.698,11097.856,2318.842,0
Momote,15,872,2,2,MoMote,Top,Normal,12204.073,9077.428,3126.645,0
Momote,15,873,2,3,MoMote,Bottom,Far,12003.251,9482.182,2521.069,0
Momote,15,874,2,4,MoMote,Back,Normal,7262.3,5345.886,1916.414,0
Momote,15,875,2,5,MoMote,Left,Far,12304.969,10288.664,2016.305,0
Momote,15,876,2,6,MoMote,Bottom,Normal,6656.243,3530.635,3125.608,0
Momote,15,877,2,7,MoMote,Right,Normal,6859.564,5245.51,1614.054,0
Momote,15,878,2,8,MoMote,Back,Far,13817.415,11699.957,2117.458,0
Momote,15,879,2,9,MoMote,Back,Close,8169.05,6252.567,1916.483,0
Momote,15,880,2,10,MoMote,Bottom,Close,8876.165,5951.962,2924.203,0
Momote,15,881,2,11,MoMote,Left,Normal,5345.415,3530.418,1814.997,0
Momote,15,882,2,12,MoMote,Right,Close,9884.949,8473.328,1411.621,0
Momote,15,883,2,13,MoMote,Top,Far,12507.597,10994.31,1513.287,0
Momote,15,884,2,14,MoMote,Top,Close,9076.492,7261.525,1814.967,0
Momote,15,885,2,15,MoMote,Left,Close,7866.724,6255.254,1611.47,0
Momote,15,886,2,16,MoMote,Right,Normal,6656.532,5245.044,1411.488,0
Momote,15,887,2,17,MoMote,Back,Close,7665.704,6354.026,1311.678,0
Momote,15,888,2,18,MoMote,Top,Far,13516.523,11801.13,1715.393,0
Momote,15,889,2,19,MoMote,Left,Close,5244.347,3832.116,1412.231,0
Momote,15,890,2,20,MoMote,Back,Normal,4940.222,3427.893,1512.329,0
Momote,15,891,2,21,MoMote,Right,Close,10591.757,8675.592,1916.165,0
Momote,15,892,2,22,MoMote,Bottom,Normal,3831.795,2420.727,1411.068,0
Momote,15,893,2,23,MoMote,Right,Far,13112.299,11802.299,1310,0
Momote,15,894,2,24,MoMote,Top,Close,7867.128,3630.974,4236.154,0
Momote,15,895,2,25,MoMote,Left,Normal,4436.997,3328.824,1108.173,0
Momote,15,896,2,26,MoMote,Bottom,Far,11701.522,10288.908,1412.614,0
Momote,15,897,2,27,MoMote,Left,Far,11187.411,7759.231,3428.18,0
Momote,15,898,2,28,MoMote,Bottom,Close,7161.475,4035.049,3126.426,0
Momote,15,899,2,29,MoMote,Back,Far,10287.1,8976.783,1310.317,0
Momote,15,900,2,30,MoMote,Top,Normal,6455.301,5245.856,1209.445,0